cycle,unit,state
0,0,idle
0,1,compute
0,2,compute
0,3,idle
1,0,load
1,1,compute
1,2,store
1,3,idle
2,0,compute
2,1,compute
2,2,idle
2,3,idle
3,0,compute
3,1,store
3,2,idle
3,3,load
4,0,compute
4,1,idle
4,2,idle
4,3,compute
5,0,store
5,1,idle
5,2,load
5,3,compute
6,0,idle
6,1,idle
6,2,compute
6,3,compute
7,0,idle
7,1,load
7,2,compute
7,3,store
8,0,idle
8,1,compute
8,2,compute
8,3,idle
9,0,load
9,1,compute
9,2,store
9,3,idle
10,0,compute
10,1,compute
10,2,idle
10,3,idle
11,0,compute
11,1,store
11,2,idle
11,3,load
12,0,compute
12,1,idle
12,2,idle
12,3,compute
13,0,store
13,1,idle
13,2,load
13,3,compute
14,0,idle
14,1,idle
14,2,compute
14,3,compute
15,0,idle
15,1,load
15,2,compute
15,3,store
16,0,idle
16,1,compute
16,2,compute
16,3,idle
17,0,load
17,1,compute
17,2,store
17,3,idle
18,0,compute
18,1,compute
18,2,idle
18,3,idle
19,0,compute
19,1,store
19,2,idle
19,3,load
20,0,compute
20,1,idle
20,2,idle
20,3,compute
21,0,store
21,1,idle
21,2,load
21,3,compute
22,0,idle
22,1,idle
22,2,compute
22,3,compute
23,0,idle
23,1,load
23,2,compute
23,3,store
24,0,idle
24,1,compute
24,2,compute
24,3,idle
25,0,load
25,1,compute
25,2,store
25,3,idle
26,0,compute
26,1,compute
26,2,idle
26,3,idle
27,0,compute
27,1,store
27,2,idle
27,3,load
28,0,compute
28,1,idle
28,2,idle
28,3,compute
29,0,store
29,1,idle
29,2,load
29,3,compute
30,0,idle
30,1,idle
30,2,compute
30,3,compute
31,0,idle
31,1,load
31,2,compute
31,3,store
